match_num,round/group,date,stadium,where,home,penalties,extra_time_score,fulltime_score,away
25,Quarter-finals,10 June,Estadio Carlos Dittborn,Arica,Chile,,,2-1,Soviet Union
26,Quarter-finals,10 June,Estadio Nacional,Santiago,Yugoslavia,,,1-0,West Germany
27,Quarter-finals,10 June,Estadio Sausalito,Viña del Mar,Brazil,,,3-1,England
28,Quarter-finals,10 June,Estadio El Teniente,Rancagua,Czechoslovakia,,,1-0,Hungary
29,Semi-finals,13 June,Estadio Nacional,Santiago,Brazil,,,4-2,Chile
30,Semi-finals,13 June,Estadio Sausalito,Viña del Mar,Czechoslovakia,,,3-1,Yugoslavia
31,Semi-finals,16 June,Estadio Nacional,Santiago,Chile,,,1-0,Yugoslavia
32,Final,17 June,Estadio Nacional,Santiago,Brazil,,,3-1,Czechoslovakia
