match_num,round/group,date,stadium,where,home,penalties,extra_time_score,fulltime_score,away
19,Quarter-finals,26 June,Stade Olympique de la Pontaise,Lausanne,Austria,,,7-5,Switzerland
20,Quarter-finals,26 June,St. Jakob Stadium,Basel,Uruguay,,,4-2,England
17,Quarter-finals,27 June,Charmilles Stadium,Geneva,Yugoslavia,,,0-2,West Germany
18,Quarter-finals,27 June,Wankdorf Stadium,Bern,Brazil,,,2-4,Hungary
21,Semi-finals,30 June,St. Jakob Stadium,Basel,West Germany,,,6-1,Austria
22,Semi-finals,30 June,Stade Olympique de la Pontaise,Lausanne,Hungary,,4-2,2-2,Uruguay
23,Semi-finals,3 July,Hardturm Stadium,Zürich,Uruguay,,,1-3,Austria
24,Final,4 July,Wankdorf Stadium,Bern,Hungary,,,2-3,West Germany
