match_num,round/group,date,stadium,where,home,penalties,extra_time_score,fulltime_score,away
25,Quarter-finals,14 June,Estadio Azteca,Mexico City,Soviet Union,,0-1,0-0,Uruguay
26,Quarter-finals,14 June,Estadio Luis Dosal,Toluca,Italy,,,4-1,Mexico
27,Quarter-finals,14 June,Estadio Jalisco,Guadalajara,Brazil,,,4-2,Peru
28,Quarter-finals,14 June,Estadio Nou Camp,León,West Germany,,3-2,2-2,England
29,Semi-finals,17 June,Estadio Jalisco,Guadalajara,Uruguay,,,1-3,Brazil
30,Semi-finals,17 June,Estadio Azteca,Mexico City,Italy,,4-3,1-1,West Germany
31,Match for third place,20 June,Estadio Azteca,Mexico City,Uruguay,,,0-1,West Germany
32,Final,21 June,Estadio Azteca,Mexico City,Brazil,,,4-1,Italy
